{"cameraMode":{"drawMode":0,"name":"Shaded","section":"Shading Mode"},"sceneLighting":false,"audioPlay":false,"sceneViewState":{"showFog":true,"showMaterialUpdate":true,"showSkybox":false,"showFlares":true,"showImageEffects":true,"showParticleSystems":true},"in2DMode":false,"pivot":{"x":10.0,"y":0.9496079683303833,"z":9.983726501464844},"rotation":{"x":0.2294168323278427,"y":-0.23209603130817414,"z":0.056432370096445087,"w":0.9435670375823975},"size":1.0410091876983643,"orthographic":false}