{"cameraMode":{"drawMode":0,"name":"Shaded","section":"Shading Mode"},"sceneLighting":true,"audioPlay":false,"sceneViewState":{"showFog":true,"showMaterialUpdate":true,"showSkybox":true,"showFlares":true,"showImageEffects":true,"showParticleSystems":true},"in2DMode":false,"pivot":{"x":23.607929229736329,"y":13.042154312133789,"z":27.677534103393556},"rotation":{"x":0.04139287769794464,"y":-0.40516507625579836,"z":-0.01837003044784069,"w":-0.9131398797035217},"size":33.667816162109378,"orthographic":false}